/**各テーブルのデータを登録*/
/**会員*/
insert into user(
	USER_ID,
	USER_NAME,
	USER_TELNO,
	USER_POSTCODE,
	USER_ADDRESS,
	USER_PASSWORD     
) values
('UR0001','千葉真一','045-128-3581','533-0022','地球防衛軍6－5','ps0001'),
('UR0002','佐藤太郎','045-128-3582','220-0002','横浜市西区浅間２－２','ps0002'),
('UR0003','山田花子','045-128-3583','220-0003','横浜市西区みなとみらい２－１','ps0003'),
('UR0004','鈴木一郎','045-128-3584','220-0004','横浜市西区南幸１－４','ps0004'),
('UR0005','川本秋絵','045-128-3585','220-0005','横浜市西区北幸２－５','ps0005'),
('UR0006','武田真治','045-128-3586','220-0006','横浜市西区北幸２－６','ps0006'),
('UR0007','川中美幸','045-128-3587','220-0007','横浜市西区高島１－１','ps0007'),
('UR0008','岡本大志','045-128-3588','220-0008','横浜市西区高島１－２','ps0008'),
('UR0009','中川静江','045-128-3589','220-0009','横浜市西区高島２－３','ps0009'),
('UR0010','金田達郎','045-150-3590','220-0010','横浜市西区高島２－４','ps0010'),
('UR0011','沢田研二','045-150-3591','220-0011','横浜市西区みなとみらい２－１','ps0011'),
('UR0012','山口友恵','045-150-3592','220-0012','横浜市西区みなとみらい２－２','ps0012'),
('UR0013','斎藤由紀','045-150-3593','220-0013','横浜市西区みなとみらい２－３','ps0013'),
('UR0014','森本彰浩','045-150-3594','220-0014','横浜市西区みなとみらい２－４','ps0014'),
('UR0015','島津豊久','045-150-3595','220-0015','横浜市西区みなとみらい２－５','ps0015'),
('UR0016','石田光成','045-150-3596','220-0016','横浜市西区みなとみらい２－６','ps0016');

/**筋トレ*/
insert into exercise(
	EXERCISE_ID,
	USER_ID,
	EXERCISE_NAME,
	EXERCISE_CAL
)values
('AX0001','','クランチ(腹筋)',0.03),
('AX0002','' ,'腕立て伏せ',0.13),
('AX0003','','スクワット',0.38),
('AX0004','','ジョギング1時間',426.00),
('AX0005','','水泳（クロール）1時間',630.00),
('AX0006','','バーピージャンプ ',0.33),
('AX0007','','フルプランク30秒',4.00),
('AX0008','','エルボープランク30秒',4.00),
('AX0009','','サイドプランク30秒（左右）',7.00),
('AX0010','','フルプランク1分',7.00),
('AX0011','','エルボープランク1分',7.00),
('AX0012','','ニーエルボー',0.70),
('AX0013','','ヒップリフト30秒',6.00),
('AX0014','UR0001','木刀素振り10回',0.030);

/**筋トレ結果*/
insert into result(	
	RESULT_ID,
	USER_ID,
	RESULT_CAL,
	RESULT_DISTANCE,
	RESULT_COUNT,
	RESULT_DATE     

)values 
('RT0001','UR0001',1000,21.186,4,'2013-12-01'),
('RT0002','UR0015',362,7.669,3,'2013-12-7'),
('RT0003','UR0015',820,17.372,6,'2013-12-1'),
('RT0004','UR0001',560,11.864,8,'2013-12-10'),
('RT0005','UR0014',750,15.889,6,'2014-1-5'),
('RT0006','UR0003',660,13.983,5,'2014-2-10'),
('RT0007','UR0001',480,10.169,4,'2014-2-15'),
('RT0008','UR0003',1050,22.245,11,'2014-3-20'),
('RT0009','UR0001',1000,21.186,4,'2021-6-17'),
('RT0010','UR0001',1000,21.186,4,'2021-6-18'),
('RT0011','UR0001',1000,21.186,4,'2021-6-19'),
('RT0012','UR0001',1000,21.186,4,'2021-6-20'),
('RT0013','UR0001',1000,21.186,4,'2021-6-21'),
('RT0014','UR0001',1000,21.186,4,'2021-6-22'),
('RT0015','UR0001',1000,21.186,4,'2021-6-23');